email,hash,firstName,lastName,type
b6nku,xei9q,69z9r,zbqyh,RECRUITER
zcmja,ef964,eguan,tm7ah,RECRUITER
7ntdu,s18rh,2ognz,7v5ev,RECRUITER
ikkvf,6ikcii,bvgeh,hk33di,RECRUITER
2txkh,335aa,gepdt,lus5d,RECRUITER
dbub3,qlo0s,f59a6,0udok,RECRUITER
bmmop,rvb72i,6sjd9,15t6l,RECRUITER
9nnp4,qmxcs,85u72,0ba85,RECRUITER
liox1f,rtq3u,m0pc4,bfay,RECRUITER
cgse5,mrpa3,i6ufh,azyvo,RECRUITER
13krw,i8f4r,sdm03,92c28,RECRUITER
8gtbg,km9ck,uyxfs,7og4kh,RECRUITER
skdud,mmlrf,cv0ox,f9apih,RECRUITER
syada,ewfka,zj8ur,bd2fn,RECRUITER
ka7ne,26xqa,ss0v1,6hengh,RECRUITER
0kvma,ihdwe,76agsg,ddlpdk,RECRUITER
r5n74,q80m4,ztv31,esdu6,RECRUITER
gnluj,mqq63i,220spj,8rwhc,RECRUITER
mvymah,tfygn,5ptgg,12d3p,RECRUITER
shd2ai,dgjjt,aghb7,8mykck,RECRUITER
yf9yof,4neeg,01ima,dg8dv,RECRUITER
ls5e,jl462,wxw9t,al8kz,RECRUITER
oxt2y,nubst,3t33t,mw0fqf,RECRUITER
9hdkg,2k30d,2uqdd,09x2if,RECRUITER
x8ce8,5t28u,htip3,c6cmr,RECRUITER
zutyr,dtxcp,e33ij,bor4v,RECRUITER
bhh3f,udbz3,yn6k3,uhm7o,RECRUITER
048st,1pf04h,r9peml,4g0cr,RECRUITER
qj9vx,x6ajj,v4mz1,mc29i,RECRUITER
ezi87i,d82g,6yt0t,8bend,RECRUITER
rarmu,i0fuv,71zx4,slff2k,RECRUITER
loctv,x1ha9,e2xn2,uyb8s,RECRUITER
icxmmg,q61hq,gzkgu,ew7xo,RECRUITER
l782e,i7p19j,gictv,9jjoi,RECRUITER
hyqae,wxe39,irma5f,1ylcw,RECRUITER
48x56,f6jhck,9f5ink,4cs6i,RECRUITER
gw4im,m9xu8l,a7soi,470aa,RECRUITER
exwhel,8yq44,31qlu,ffbw8,RECRUITER
t49klg,r9rdx,fffgg,ykc2n,RECRUITER
kmzqx,e7jrfi,t5g3l,voud7,RECRUITER
mtzop,enak6,sq1kl,ob56k,RECRUITER
gihqdj,kjyli,6makr,e61obf,RECRUITER
w3vyv,z33fn,t5k24,gcnvk,RECRUITER
du83y,j8flbi,1aafv,yeh3wj,RECRUITER
0gej4,l0ouf,5whxh,cilty,RECRUITER
39xaik,6x5eh,qluwm,nkknj,RECRUITER
hen4d,srjpe,guyfc,gwfy3,RECRUITER
1om6vj,9ttjm,k3jsz,r4rde,RECRUITER
mud9l,ndbej,weeq2,hxted,RECRUITER
54ltu,q9uck,2yucbf,72geii,RECRUITER
---
title,description,requirements,recruiterId
cdg1z,egl2l,["3usph"],8
djwun,9fw1rh,["j3hpp"],27
zuqnx,nmrp4g,["0h4dbk"],12
vy0hr,5qtsf,["vpbty"],11
find5,e6pb,["xp4jz"],34
g2a2vh,0s6isg,["wgnco"],4
hkr2t,wjazo,["cupk4"],20
2tj6bk,o28pp,["b0uhl"],9
m4do5,ey1ku,["78v16"],25
cex1wh,oxz3d,["ioawm"],11
tjjwb,fr69lk,["bb11o"],17
6l5h3,ayauqf,["02chu"],14
l97a6,lszst,["u6j8e"],26
kvuzr,wf3bv,["pq0xkl"],8
lsxnk,0nzfe,["c2myq"],12
v9af4,mkfzxi,["s0nmz"],10
saqto,6jdsd,["2l9ew"],40
ucgm4,8pqyt,["hfbca"],15
zymxhh,2nhtj,["nz75ph"],44
hkpo6,bg8mzk,["1e0tg"],23
xhys3,7zab5,["pfbfl"],22
6rc5,k6sof,["amb0d"],1
pn74t,2gvcn,["0uwt1"],29
kmqrv,ctotjj,["dv1huh"],30
cxx5ek,j5n8o,["3hsmd"],20
1pevi,91gdt,["qw4f4f"],22
bg887,80huw,["5jh1y"],8
v80eq,p3dk5,["rh2s"],2
2jfi9,3ydsq,["04ixyk"],16
xe6ptf,e7j58,["zeuzh"],29
ep7gnl,6g4ir,["wxggo"],13
4ethw,8xyo4,["2c0p5"],11
4322n,dn6sa,["zai5c"],40
wdljo,ewpoe,["rf182"],8
2tn3k,dmvd3,["b5r64"],16
fu50v,sxf38,["qsfxg"],23
re7ox,nqp49,["xqz1sl"],10
0f4mx,uinls,["flez8"],10
344w4,zgr8,["f3i5q"],10
m7cwy,8ffei,["2i9pn"],24
ziuj1,hxh4a,["af2i8"],14
tzmi3,0i3cy,["w4ice"],28
rhyxu,bbdga,["wtjj5"],24
7xn2lk,rhh28,["6c62e"],11
y3mpz,c9l7i,["ws9qf"],14
203br,80uf4f,["gvxp9"],41
3wn0r,f785,["6kdw5"],7
s6tv0j,3zwvn,["lphv4g"],37
1lysml,tfv9bk,["5ocsh"],27
h4e03,3876uk,["xq3iw"],41
dv7u6,8zv7q,["cndxx"],7
qex32,z196t,["rrlzq"],5
x9si2,bsuro,["alr13"],12
r972c,7dk91,["gfllt"],28
wnidx,h9082,["nyjwjj"],32
ef3to,67vdr,["4eqkq"],5
4wpo8,b050vg,["8dcqx"],14
lawg9,0ijxng,["0yl4b"],22
iaf1w,aucl6,["95cxw"],2
4x9ih,iphk5,["zh6grj"],3
mle0e,5hr7x,["1fwgw"],43
d79jq,d2l8sg,["b42cp"],11
84chz,c4118,["sof8e"],28
26a5k,5mlrj,["d017kh"],24
rbv6p,4q51l,["giu1c"],19
9qoe4,tbk1mj,["9s7yuh"],48
9ik67,h5tm3,["deqk2g"],23
y2k70i,jf5oa,["bjbqa"],17
g70t8,r68pi,["9a1ci"],15
k94kt,9ctcw,["kic0ag"],25
o6o1yh,yjnze,["9nqpa"],12
6xutt,3j5tr,["f47xp"],47
25j7d,f1612,["xh5kh"],30
iagr8,klldn,["l6u5v"],37
c9j47h,xnd5b,["4xoc4"],18
bd7rq,j502t,["rhg5n"],1
qist5i,9m4ee,["u7onx"],26
nkc9a,gplbq,["wvnab"],19
trti4,aj5gr,["sacne"],11
7no7t,av4i7,["razr6"],43
992e9f,stxf3,["7jbu3"],41
kzbzg,v856p,["r5v4g"],29
tbj9z,f5vhn,["ynm72"],30
j3tohh,ur9fy,["emnpqj"],44
sxyd6,0kfku,["t3rogj"],18
nq3cl,vysx1,["bu2mt"],11
rt58u,fk38b,["xspkz"],10
kc9r1,84la5,["94hmih"],42
3jl2x,2umxl,["e4jlp"],11
t7n8x,6cbmd,["06poy"],47
etw4p,lg76n,["gurdr"],50
d1a2f,owawf,["1qktq"],25
xknbe,ai3bt,["df61p"],1
1jj78,r6sdl,["vj4xw"],8
cl1gv,hi5fb,["hd901"],47
y3u8h,wv0trh,["nbzhh"],40
an4uf,oyfkp,["cg5z1"],47
j17de,lc0iz,["f7of6k"],35
f4iqn,f32ky,["0t4"],30
hxjnr,r4gca,["dvny5"],7
j1oxa,aik5,["cy1n6"],25
qcr2og,ji96q,["1rxde"],31
g3qo9,rilva,["u8q3u"],20
7ttm6,hmciok,["emwxi"],30
xjjgng,7n7yz,["bdm19"],10
7jy0w,il2yp,["4jfti"],13
rmdpo,qby7k,["e9v4i"],15
10uyv,l9s55,["ag55p"],45
72eha,p551x,["ccfba"],20
cr7e6,hzwnl,["kzhobi"],1
r3s7sh,uvbvp,["342s8"],46
27cq4l,a0ip1,["6jc14"],20
gls7b,ks8as,["8bvfl"],15
ea1pm,wjyjn,["pcma4"],46
1o8nh,9wg3n,["2o169l"],20
xhrzz,k82y9,["w07g6"],26
oucf,zlrc8,["ex35fh"],35
6qmv1,dql0y,["ldh4p"],3
fylmkl,s5kg6,["4ts52"],6
etslu,3pb4hi,["lukob"],29
5fa5oh,1ko2g,["lcdp"],2
0d5ue,kq1z1,["7hdpa"],38
y6yyg,kt4fz,["mz7csj"],5
49vva,sicgs,["omkxq"],18
k01wbf,19wn4,["pcjv"],2
dbg5r,c3nxr,["v3zmbg"],38
17wlq,38rff,["q0yrb"],14
16fyc,au7b8,["8rlad"],43
3ha11f,u6mtl,["nwcz"],39
npedm,ihhtt,["0d8d4"],35
hiimq,85a0p,["kdgxsk"],48
v3xlh,1cghe,["up4c3"],1
nj4kt,vbidy,["7suzo"],9
9bajg,nk9o6j,["li1xlh"],41
m3v2rk,tjubr,["u1ub"],28
2i5ey,zibhu,["ml0ve"],36
biuy6,0tp6c,["e3scn"],15
oyde5,o1rnq,["b6w8h"],3
0op55,8d8xb,["wqc0r"],12
a9zg9f,7du78f,["6mm1k"],14
v95uo,sgoov,["0l016"],42
tzr8z,6pftw,["quncw"],35
7dwif,xjz96,["ff9or"],12
v80zwh,oh3v6,["y3xs3i"],39
7fscp,8kn5b,["ina3c"],8
e4kku,5hpihj,["0uwbfl"],5
bo0ev,skuid,["amhm4f"],35
swqfo,avbe1,["lluvy"],34
t0qhn,ezbhn,["hl00m"],16
61m53,8dg7f,["k089j"],46
---
email,hash,firstName,lastName,type
bz2qf,15l73,znn3z,xrevh,CANDIDATE
5z9ea,7qzwd,gfyk3,7mnta,CANDIDATE
5j0l4,kl3rv,bx1owj,pli86l,CANDIDATE
rzp5a,dznsr,csxjq,tpof5i,CANDIDATE
0nqtl,ukvi2,670t3g,s954p,CANDIDATE
s4qed,d6nct,d4l8h,8gmwwf,CANDIDATE
d21hc,29z5dh,e3ysm,2woxy,CANDIDATE
q40i7,6mq8pj,bscdq,n1vbv,CANDIDATE
du97c,2r3ae,fap91,glhia,CANDIDATE
lpmmn,fk10z,o8ppsf,nz4yk,CANDIDATE
n95dw,tpm1e,njnkr,1td2wj,CANDIDATE
v4h87g,z04t9i,6cwlc,yvnh4,CANDIDATE
4ny8k,6o37v,ugte4i,jxeap,CANDIDATE
289tg,7aqgnk,mmb9bk,pz0qj,CANDIDATE
lo1vf,7x4uel,ccyi2,9r132g,CANDIDATE
ymp3h,dyice,4hidc,2sohmg,CANDIDATE
ft4cgj,9bv3v,xehi4h,q7a74,CANDIDATE
eluz3,1sslu,mafwd,badbe,CANDIDATE
r4r7n,ght8h,aouhe,i0vry,CANDIDATE
3mm21,y8m32,4ojji,lo67aj,CANDIDATE
16ixe,76grd,fyjy5,lg8xs,CANDIDATE
qtogs,fdsq8,95icc,sq1wxk,CANDIDATE
ua37r,pr7mx,41nzy,j7f23,CANDIDATE
b9m0i,ei7gj,b7sr2f,cwk5,CANDIDATE
d58m2,kdh0ki,gtb4x,gf084g,CANDIDATE
cercw,4ku8x,d7tpn,t6zpw,CANDIDATE
004u,7nnbq,5lgs8,k1uoz,CANDIDATE
yoja9,im1m3,k44w4j,lua7,CANDIDATE
ebsg,l5dsg,u8pss,ehp92,CANDIDATE
p0mrn,k76yu,pkoc9i,wqs71g,CANDIDATE
6yfopk,25kf5,4osa4,d8fo7,CANDIDATE
3z3wr,2w83y,wikk4,xi09y,CANDIDATE
xwbjj,wue8m,z6eek,c9a3g,CANDIDATE
bhx5w,ibqdn,wpv3k,5j46s,CANDIDATE
m4lgr,onlqv,t51sp,4x8e8,CANDIDATE
xpcsif,onaorf,5birf,wu7ei,CANDIDATE
qbuqs,gbpbek,ji7ij,on5zgg,CANDIDATE
jgkx5,hrrut,o01fj,pmia1,CANDIDATE
e3taif,rmrop,0b6gii,60m9e,CANDIDATE
bcxv3,kuh9o,v0sz8j,jolts,CANDIDATE
jigs3h,1mwdy,plb41,f752x,CANDIDATE
1umuz,0ek7o,83zw9,76q3o,CANDIDATE
n38yt,9ewhb,ewjai,13wij,CANDIDATE
b6hvq,pj67q,0gtud,d6lzh,CANDIDATE
aenbg,gqdep,6gxpd,j1u11,CANDIDATE
m2tio,g51y7,5tpyu,gdqpo,CANDIDATE
c5gkkf,jlvjn,nxyrs,q4jr4i,CANDIDATE
o3dri,p944f,citv2,84pdj,CANDIDATE
drfin,xz7js,e2v9o,t959d,CANDIDATE
wknv9,djlum,1a8x1,gsbrv,CANDIDATE
zoypr,ck08t,w4120k,hd1v9,CANDIDATE
ptwvmj,4vlih,x02pq,7fpyoh,CANDIDATE
xu7iw,uozg1,tugis,6axezf,CANDIDATE
jv3ox,vat2o,v39tl,4bmfj,CANDIDATE
squzy,ztuox,npaxxg,xklvs,CANDIDATE
pb0c6j,ykpddj,nb7vc,ieavfg,CANDIDATE
u8575j,yat3y,oj6ffl,67tw0g,CANDIDATE
pfoob,u574o,0rsdth,h0c7n,CANDIDATE
dp7nc,2h3jq,ryg9uf,9lig7h,CANDIDATE
j8gdy,04esek,jc2gc,8wtqqi,CANDIDATE
vflhw,djli3,er1zc,b65pu,CANDIDATE
tegd9,f7o4x,4r70c,g015ih,CANDIDATE
w0zuo,x3qwj,a3blz,cddlij,CANDIDATE
51u8x,1nst6,oo7zvi,zd6ni,CANDIDATE
5s1n7,czzam,rmhctk,jm9bxi,CANDIDATE
17jzc,hzx0gf,ftxr7g,h17dd,CANDIDATE
4vkjp,tsmjc,ybqr5,pgflpi,CANDIDATE
7fpnn,pifx1,3pdn7,bcph1g,CANDIDATE
qeqqm,lnn4e,94lesl,p1vo7h,CANDIDATE
0q8he,rkuo1,uouij,hbi02i,CANDIDATE
ivdn6,idtnb,l28ndf,ffj3g,CANDIDATE
esdxz,43yhhi,3podd,j87ld,CANDIDATE
yd3ae,m342cl,zkz8cg,huyra,CANDIDATE
84gfr,2ybwy,clmoj,vewrp,CANDIDATE
0za06,k0kce,2ogcu,lvd0h,CANDIDATE
dnroy,u1nca,63mcs,fw1b7,CANDIDATE
4cxxf,l4g7r,r1p0p,qpidh,CANDIDATE
2uj18,hm5xnk,1ibct,qcibn,CANDIDATE
vnev2,bvdyw,vbk8q,flhv9,CANDIDATE
l8raq,zvn4c,evv24,c1fkp,CANDIDATE
zc5zl,04mfz,d6ub8,02uc7,CANDIDATE
nfijp,h9eck,yfmtu,vlhw3,CANDIDATE
a6040k,wbe45g,9e6pc,ywzox,CANDIDATE
age9a,8sj61i,c1dvn,g2uevj,CANDIDATE
lii1c,r6e7u,q2tckf,sjxua,CANDIDATE
23wcq,86swc,np46kl,lc316i,CANDIDATE
o2y2n,mcumdj,rhgn3,4uozc,CANDIDATE
rnpah,kct42,8fp4z,e051pj,CANDIDATE
oygzk,8xezy,eiqlr,fizgw,CANDIDATE
sxv3f,8361e,qtu7p,60nke,CANDIDATE
35j5i,7njqv,80cx6,0p43l,CANDIDATE
fwpgd,t7nj,mvkrd,3nue2,CANDIDATE
f4oj4,1pfhf,l3q,ekmpm,CANDIDATE
fbit6,litvvj,h6tb7,l3lk7,CANDIDATE
bfy59,xgzdk,i8to7,nly5j,CANDIDATE
qh7sq,ongol,fw230k,8dzzi,CANDIDATE
i5zr7,o4bh7h,bk9e6,dasi9,CANDIDATE
ulgva,phq1j,sf17fl,je4mr,CANDIDATE
jobk3,0kxvu,wrf7a,i78le,CANDIDATE
ghw4a,lsomc,8rrji,9wyjag,CANDIDATE
qe1k2,r4o5xk,v5hau,vw7vq,CANDIDATE
gz7qa,4p7rz,ytcuy,s10p1k,CANDIDATE
bv6as,5kuq7l,ql90a,kqg88,CANDIDATE
12ywv,77mo3,lx772,tk17m,CANDIDATE
ztleyf,8vk0gk,4wo2s,qh944j,CANDIDATE
tlnmj,z3x6r,tojltf,nhm7t,CANDIDATE
5mp3ol,bbhso,eez13,bh5rvg,CANDIDATE
xuqbp,vf5l9i,zcxsw,eijdm,CANDIDATE
h0tm2,0qkud,s14so,znwm8h,CANDIDATE
zpalt,3nwk1,px2clh,2pvftk,CANDIDATE
9hie4l,an78v,kckxq,ehd5o,CANDIDATE
3jz1z,inxbo,m2ogb,kh74r,CANDIDATE
hr45l,er70i,foglc,9e3nqk,CANDIDATE
i18y2,5cqw2,ziwpw,yhaaj,CANDIDATE
t4peoh,5m7t3,cdcxd,e44k7,CANDIDATE
1amq7,euej8k,7wgs7,r6y6fk,CANDIDATE
urle4,hhegm,xst7l,qtmbti,CANDIDATE
wp4pa,f1onm,4d4jlh,yqp03,CANDIDATE
qm5a,igtqg,zal2gj,hwfod,CANDIDATE
xburt,40m2n,nd1jz,lds0v,CANDIDATE
cbgbz,lfmcl,r7rjs,sn9ik,CANDIDATE
olpgq,ic7uu,um3lm,jrw2t,CANDIDATE
iy6f7,kjwrr,e4m1m,0y3sa,CANDIDATE
vm70m,3f1rvg,siqdw,oc0h2,CANDIDATE
objvl,y5miw,9627v,d5xod,CANDIDATE
7ydyj,lktkif,djkquj,438mw,CANDIDATE
ik8,hexz1,hx65hk,oa50v,CANDIDATE
p27dc,skf5s,2d3ql,rd3e7,CANDIDATE
wc5uh,xv3t8,y6ytug,5vqi4,CANDIDATE
webkch,eco8,nszqpk,ws0ysi,CANDIDATE
7otqa,snttn,6iqrgl,51tcy,CANDIDATE
q1a0c,mfynzi,1ac3s,cik91,CANDIDATE
tnomn,6t65v,6hspd,30pol,CANDIDATE
npk91,3swpa,rusvi,bcassi,CANDIDATE
vujh,uqbqk,las9c,nkw3d,CANDIDATE
kv2qz,hphf6g,x6j5oj,l8kt6,CANDIDATE
od17qh,6cmf3,pg3pdl,odmza,CANDIDATE
ck6yx,l5s1k,uabv6,8t2m9,CANDIDATE
49fnf,iugn4,0bthd,guro9,CANDIDATE
xiokm,daafdi,dpoh0i,ub4b4,CANDIDATE
2ri0eh,5qag9j,riobz,z6waf,CANDIDATE
ddxpwi,w4xyn,z2nix,th69rj,CANDIDATE
deh8j,lznpq,nak5l,t0fjr,CANDIDATE
670rl,602bg,vcz6w,e4mm6,CANDIDATE
bvx77,a47ij,vqp89,rtuajh,CANDIDATE
4wrtoh,1h9n3,1spf2,yy5uo,CANDIDATE
n3n2m,oldmr,wxrjgj,czv3b,CANDIDATE
vyvxb,k93gb,ekaxg,ihxyq,CANDIDATE
ej2hf,7qs32,g1hyq,bvkpw,CANDIDATE
wtf1l,2cao,pj7rxg,07wsh,CANDIDATE
dypu9j,xbrvg,3ev2y,lc4uh,CANDIDATE
g83pe,26j05,dk5pmj,lrlt6,CANDIDATE
06qqf,ecl7ng,x9gic,e6rze,CANDIDATE
wno5h,lpjve,r60lg,3c6qn,CANDIDATE
pqpncf,29rnqh,zy0spf,f03s2,CANDIDATE
n9lijf,7x274,hj8ut,byyhj,CANDIDATE
e79r7,y592b,9f0b5,rdmp0h,CANDIDATE
tpjx1,s494s,e0hiv,xuibmg,CANDIDATE
o1gagj,0t4zo,5ri4rg,utv7p,CANDIDATE
mnrxl,topuil,rmexi,apfwn,CANDIDATE
vaj5a,nwker,mq3gx,hekcn,CANDIDATE
sm6j6h,ime6e,exx6e,bhana,CANDIDATE
vs8tv,gpe4b,qkwsd,z3uvy,CANDIDATE
qm041,d58uy,dntk8,ygvii,CANDIDATE
4pr8vi,gyz2d,j3is3,mair4,CANDIDATE
3aodg,ugufh,2iwl4f,g3yca,CANDIDATE
kvkve,l2il7,l42hp,po5e9,CANDIDATE
ui90p,87zjx,d7igy,kmngw,CANDIDATE
yl4xz,1u742,jtsrz,9j0qg,CANDIDATE
puaboh,oxhhp,fzknd,cvooo,CANDIDATE
u0n3w,frt57,1wfq6j,6fcw6l,CANDIDATE
1yn,fwlm8,fea5rl,zg8lr,CANDIDATE
hktcy,fzni0h,xli0zf,yukpw,CANDIDATE
gn01z,jw3of,an3k0j,mh4wv,CANDIDATE
2pnjf,a9za6,32bg6,72g5r,CANDIDATE
1xw59,19oirh,mkpjw,hwgww,CANDIDATE
jn1t3,q5fn3,srs1i,dxapc,CANDIDATE
2j6s9h,joumo,in1a7,t3d67,CANDIDATE
zg6f5g,h5tgg,v58pq,gi2cw,CANDIDATE
mp4w6,6w2tq,b2miz,bc9na,CANDIDATE
pt0c7,dv6k3,8hx8w,orfd5,CANDIDATE
vkxlk,6ujd9,qtk73,2vbuf,CANDIDATE
v6dl6,scgzu,5m8m4k,k4xg7,CANDIDATE
4fsdk,ga1ys,dfisx,xzlzh,CANDIDATE
5ow1r,s42a3,fbrigg,bh0ll,CANDIDATE
qxoha,ihfup,3t4ozl,ns0c2,CANDIDATE
atf5f,6gqye,qv7xd,2afi8,CANDIDATE
7ntbcl,wxicq,3v5oc,1cwt5,CANDIDATE
whfdl,l50kl,zmdk8,ns2dvk,CANDIDATE
2zztn,mtyobg,27mw2,4hv84,CANDIDATE
cz972,lxhvq,1avdc,o5f3p,CANDIDATE
w7pyt,ol362,zia8w,ipywi,CANDIDATE
r4yqd,heh6k,y6iw9,wjl84,CANDIDATE
idntw,0dqfd,hft3n,z9ogw,CANDIDATE
oi3ar,zbtse,xi8pe,cyd7eh,CANDIDATE
9rs88,2gn9w,oq6f3,zvpjy,CANDIDATE
mz2ir,6c8jp,24h4k,85kto,CANDIDATE
7r4ni,wze5o,skcodg,6iy8i,CANDIDATE
1gjz,un0qy,89bve,ociqh,CANDIDATE
0se7c,ezg8jj,q9r0l,9l0yp,CANDIDATE
gwjlo,3cep6,8ogpa,aiow4,CANDIDATE
oenu9,qqggjl,wn5b1,64onl,CANDIDATE
jho6n,2z3m7g,avelz,o5u1l,CANDIDATE
und2k,uzgxxh,jqq5,4rc8r,CANDIDATE
e85u3g,5s26b,mihkw,z7eaw,CANDIDATE
nvevs,urhdi,rojx5,oj3pn,CANDIDATE
vo8ull,3u3ch,moq4k,vohfh,CANDIDATE
cgfbn,ga9ox,77uec,4igf8,CANDIDATE
clmxoh,g4wvt,biwb7,h5uvbh,CANDIDATE
lkf9m,pw3ex,x172r,fpz3r,CANDIDATE
8iav9,vnwnq,zx7rb,hhi0i,CANDIDATE
cq3mx,ssee7j,0h6ec,r5535h,CANDIDATE
k3ejx,fxwpki,h4hmii,i7rky,CANDIDATE
5yor2,x0w08,6rqv6,352m5,CANDIDATE
t8bml,vgsdb,kz2v1g,9bp9i,CANDIDATE
rh28t,2dzje,yax7a,9p5wc,CANDIDATE
ebbde,tlwc1f,2kyex,sr27u,CANDIDATE
r2u7o,0p8xt,d0jx7,lc2f5,CANDIDATE
9uccof,pwzzd,08k7y,0qqnz,CANDIDATE
n5npq,wgkpr,h99csk,ci12,CANDIDATE
mvugkj,gc3tv,p9241,ahii1k,CANDIDATE
adbl4,7nph9,26dga,6fqjr,CANDIDATE
eehb9,2g5ps,83pzh,wwlv2g,CANDIDATE
azq2bl,p8oqi,nod18,2arq9,CANDIDATE
dmn06,i17r8,kwgez,x9nsz,CANDIDATE
jw8hh,l9j43,iv1g9,49bxf,CANDIDATE
ryx4j,r6n1l,1hf2w,ou69f,CANDIDATE
xkdtk,2f8uk,ri5u9,3l7m3,CANDIDATE
oh3p6,ixbuo,kkhu6,tefgi,CANDIDATE
4h0jq,dm78z,1r7m5,ehyvck,CANDIDATE
a5cs4,d5x9o,yvcfl,hvocr,CANDIDATE
3cwwe,mfyjz,qknh6,xuza3,CANDIDATE
cfcc8,6wd5bi,4pv49,upo4g,CANDIDATE
fwyw4,9nu5v,qnkor,tvqg6,CANDIDATE
t32xu,9vh9kh,lsvvu,dkecnh,CANDIDATE
h37ju,k1ti1,ga49l,2svqg,CANDIDATE
7m5vo,0v4n2,v96i7,l9a6cf,CANDIDATE
6svs3,euw2a,o91zl,4igrvk,CANDIDATE
c5qsz,emd3jk,hr12,zsjnlf,CANDIDATE
3yt4y,fhmc5,wye9k,0nv63j,CANDIDATE
txiav,muscn,y7a2m,u32zb,CANDIDATE
ug083,dop6m,l9au1,vil56,CANDIDATE
t3ph7,4sjh6,82lx3,aybn5,CANDIDATE
r3lhai,qv05o,pzugm,4lay6,CANDIDATE
6g91c,ql8gj,wzthl,gtqmi,CANDIDATE
2c2uw,qlabc,o2tooi,rwkz,CANDIDATE
nd5hl,jypsj,yhrmd,my8jx,CANDIDATE
soj48,k37k5,f160t,u88hlf,CANDIDATE
l1z5ig,fctv5k,iqte2,qpmq7,CANDIDATE
ch4cj,ksjtc,al5ju,zc828,CANDIDATE
9o4rn,a0ej4i,ay504,y6ofh,CANDIDATE
0eh1,7kl3r,t5xsz,q3f4u,CANDIDATE
mn9bf,022br,fx139,q8o39,CANDIDATE
9mczb,xp869,lhpaig,8va7s,CANDIDATE
zq5cmg,rduw7,n7pucl,n6wal,CANDIDATE
t9h0ri,n3jbw,ubu9m,zqd1t,CANDIDATE
67ab7,76nfs,3qf48,14hss,CANDIDATE
xbwom,f60g2g,zb5to,byvdwf,CANDIDATE
qcfqy,f8vlfj,jsde4,505kd,CANDIDATE
bona,endoc,dxvmg,h2mna,CANDIDATE
gz166,yrnqs,19dy3,72jkd,CANDIDATE
mwv76,mm3xq,blb1e,2g5d4,CANDIDATE
3hq27,tqg3z,pf1jdl,5xrlu,CANDIDATE
twzsb,h75n,ewgze,i0tk3,CANDIDATE
zkm6p,e4jj3,4nh8u,brbwa,CANDIDATE
27hrm,rtidx,jh2dl,6yo8di,CANDIDATE
64m6q,yx33j,lxnpa,0sud2,CANDIDATE
sh63t,xq4nb,g4ic3,sfknr,CANDIDATE
py8kr,ag97aj,x99oc,uc0ea,CANDIDATE
7zaah,yth8p,gtep1f,pu3qe,CANDIDATE
cusbs,35cb2,mu2eck,pe3ra,CANDIDATE
bjscik,qhvv5,mwu1t,6gy74,CANDIDATE
5gecj,2vdjw,hmm7m,sa5kff,CANDIDATE
hz3dvf,7yfjnf,07h35,wo30f,CANDIDATE
ghxgy,r27mpg,ljzdkg,m5nc9f,CANDIDATE
r3hunf,1t0rl,16lro,znoa7,CANDIDATE
6dilr,mcms6,zhqdi,nl2c8,CANDIDATE
vv4edi,tk855f,7guuj,hk863k,CANDIDATE
uom5a,pxuzx,4zwp0l,ktbmq,CANDIDATE
ot9hw,fkr8q,dabzjg,q7om7,CANDIDATE
iszrk,66h2r,8tphp,lc2mg,CANDIDATE
p657hi,zkkmg,3gie3,bwihh,CANDIDATE
8v2f2,wu9h2,1bhp5,4alhe,CANDIDATE
z3brl,k8vj9,8su3m,rsl8f,CANDIDATE
m8y1i,w8h4e,bvthk,77inz,CANDIDATE
z0ftpl,xg5c,zsyrq,mq44,CANDIDATE
xsgvo,gvl3u,o8jv8,3eleql,CANDIDATE
ebfmz,pstv9l,5sq9u,6q7g1,CANDIDATE
hna8b,hoqmg,0kf2bg,43qskl,CANDIDATE
j1ful,tretv,4mqa8,glm8q,CANDIDATE
x6xlr,ip8xm,9gy0x,79qwo,CANDIDATE
6f9k2l,tn265,sq48,2awd8,CANDIDATE
ww4vc,dema1h,ggphs,d8nksi,CANDIDATE
bj34wj,vjxw8l,h6yll,650uog,CANDIDATE
481h8,zebci,k6nyz,kjhxh,CANDIDATE
4bzye,80grl,aa0nv,tkfoak,CANDIDATE
ll2peh,cd9lq,v5j1s,6rfp6,CANDIDATE
78hfc,jymaw,qy3nc,s7ww5,CANDIDATE
zmazhl,uer26,4ysux,alncy,CANDIDATE
hkbbhh,lke8k,wdt1l,z9k2o,CANDIDATE
hzx2r,gcjyp,bo10w,obnhi,CANDIDATE
v0m6o,vwi5pg,icvgni,1s7v8k,CANDIDATE
vq22v,1r9q7,52eyr,qrvu3,CANDIDATE
wuah7,egsog,m2374,621cp,CANDIDATE
ksa1z,aumbl,jd2fn,quzkf,CANDIDATE
mu59vi,9c36u,j33h1g,feaq8,CANDIDATE
t6fo6,xsbeq,0g968,n7e4,CANDIDATE
lsob4,t7enx,sxs6t,zpgjq,CANDIDATE
zdg0v,1iso1,3vktn,xfw25,CANDIDATE
l2uz8,h29ovk,rcdmt,q7124,CANDIDATE
3x1u4,s73em,5in2m,zuf2ak,CANDIDATE
ftilv,j44a,ca4u7,e8bwh,CANDIDATE
4tp3l,a5mvs,rhkz3,giu34,CANDIDATE
7ayrg,586blf,dpi0n,6iq06,CANDIDATE
r7h0f,ek65k,5261d,2olko,CANDIDATE
t0ya6,5hnf0j,rp9zc,0pfwg,CANDIDATE
ymrd6,9cvqr,tvthw,kcaqx,CANDIDATE
hdwx5,qlnlmf,j2rtf,b7i7e,CANDIDATE
i68hh,5ok0ng,yfvjv,oyrau,CANDIDATE
3i5zz,hyzbn,excrl,fdb3x,CANDIDATE
xvb84,jy38v,wvli9,o7jay,CANDIDATE
fiamg,7j70g,92tdw,j3d1x,CANDIDATE
1zfqaf,t6q7r,b5zx8h,vsyrk,CANDIDATE
uzqtz,89i1ci,3mes9,bv7ag,CANDIDATE
eqbzq,92ac9f,xp33w,nuc7,CANDIDATE
2tr2cf,mdoduh,m1fltl,y9ian,CANDIDATE
em91l,6ttycg,30zpm,mjof1,CANDIDATE
j4p18l,p75am,auoza,56ewx,CANDIDATE
sn3iyk,wsy8d,29g0f,jm8h7,CANDIDATE
422d9,s07il,ecf9c,asvzt,CANDIDATE
onpav,bmql3,9x0tf,t7sz7,CANDIDATE
mu3wy,tx6ac,hye2w,1fyrc,CANDIDATE
xri9v,cnv3v,b042d,d1em5,CANDIDATE
lfnhi,vn1u6,f0feyk,x2ezq,CANDIDATE
btmkh,hwvnk,n46ul,dmtqc,CANDIDATE
dnjthf,ou1df,5eho3,3ysmb,CANDIDATE
fyrgb,674sj,lsldw,6f8o6,CANDIDATE
e727p,wkxv8g,k7rgw,jplv9,CANDIDATE
ibtiz,9anhv,0es41,sbs6,CANDIDATE
12g38f,a7c5e,bs439,9i3ddk,CANDIDATE
6fr5hl,sgx68,4i7ju,3fcn1,CANDIDATE
k4xn5,nnsqc,idhb7,855gp,CANDIDATE
k07ot,l36q1,5b9i1h,ikkpli,CANDIDATE
9w13l,k07tz,q1zom,ijkkg,CANDIDATE
vt6ky,yolcj,m7w9k,z0lk3,CANDIDATE
a81zy,hivbtk,1cxcd,le12x,CANDIDATE
8f50h,a09ly,3426u,n39i9,CANDIDATE
3k0tq,f0sdw,mw35c,px9k8,CANDIDATE
y8ou2,damg3,wua9n,r1erel,CANDIDATE
4zoihh,dzxmt,zufsj,ma4z7,CANDIDATE
ggg5g,6oe91k,ggy8cl,iurm,CANDIDATE
7iouh,1s63o,kljp,8ufc2,CANDIDATE
u6xt6g,ysqht,y4rf3,96o9si,CANDIDATE
l5tj6,sukj2,fips9,0z4b4,CANDIDATE
0lplu,3plye,zyrhc,2lye2,CANDIDATE
1qj04,esgbr,kgvymi,3eamy,CANDIDATE
29wgi,8twki,haouh,fweym,CANDIDATE
aty3rf,bhd2ck,8wzj3h,m8cqr,CANDIDATE
jy1r2,bzvtg,swhm7,if298,CANDIDATE
ofvjfj,dcy2xk,zbawt,51rfh,CANDIDATE
cilnli,65ce6j,q8jyai,lo9n4,CANDIDATE
w7frek,ukxun,hez2d,xqf1q,CANDIDATE
omn2d,lu3lb,51cvf,kg853,CANDIDATE
rillm,don3r,shae8,51z1l,CANDIDATE
j2bba,plhz3,d2k57,56lyr,CANDIDATE
77rq1g,83xlg,a2a3d,wxl4s,CANDIDATE
ggx0y,5ncuq,wnug3,tqq9,CANDIDATE
eg1mh,u69pj,pfnkqj,qwpjv,CANDIDATE
mherqg,1ggla,uchilf,o68kr,CANDIDATE
e9ryq,yfiet,b7f3al,cj4zg,CANDIDATE
uouhz,hm45xk,p3sey,4f3qzj,CANDIDATE
7f7co,ezle1,vx73o,mhcip,CANDIDATE
em41f,k9g6c,0rai8,vj6b8,CANDIDATE
28zod,nx0n6,azy8gi,zfbpl,CANDIDATE
tzr6m,i6gpn,sv65f,hlx7x,CANDIDATE
flra3,xgfgv,rylun,06kgp,CANDIDATE
ad5zu,95tck,086ch,nz0lc,CANDIDATE
t55uh,6tk4m,blyg4,27fj9i,CANDIDATE
k2avt,2oz41,f7023,mm9no,CANDIDATE
y9evy,84ef3,s97y8,t19f1,CANDIDATE
scgbe,kl0cg,24ipw,p9k7tj,CANDIDATE
k2kxe,7337zi,j3gom,i9kob,CANDIDATE
pu2ok,2o5z5,avhtf,yj2fef,CANDIDATE
lqd6z,9zoz2,6qzzh,i6gidj,CANDIDATE
95g6w,u8uis,jo9bp,0wpy3,CANDIDATE
696x,wr5e6,gprp1,35ezm,CANDIDATE
9rpz5,1tut7,k3pj2,id1yz,CANDIDATE
8gt0n,v54ig,9kufb,jia6r,CANDIDATE
ntsed,2k7rkj,0js5g,fpol6,CANDIDATE
a52e8,y7kfj,pr8ho,z6ms0l,CANDIDATE
77s8a,raw8g,iuccd,3yhpc,CANDIDATE
801qn,6xmcj,rj5jzh,e5ken,CANDIDATE
wiytuh,20kcl,3i2w5j,g19z4,CANDIDATE
bko8ih,99hpf,bdssy,ec8p4,CANDIDATE
k719fj,ureek,scx51,6va4vl,CANDIDATE
nrfze,57gzg,953jbh,7ij43i,CANDIDATE
6cri4,6h8l3,thn8z,uwcjri,CANDIDATE
pafhe,c28o8,mmqtj,bj95ok,CANDIDATE
4ho1s,j0slf,2saop,0my13,CANDIDATE
f4y9o,09n2z,r2u2l,5tvdq,CANDIDATE
qfxxsj,itrp9,y4y8a,4iuv1,CANDIDATE
gcm4y,l2rpw,oatkj,z8yir,CANDIDATE
9ahmoj,z0e8p,cn87ck,0poe9k,CANDIDATE
0h02vi,8k7rz,1lj34,ne7ed,CANDIDATE
ntpt8,j0ir6,hz6r,oeisp,CANDIDATE
6rhty,ybo4n,bqps,nb5at,CANDIDATE
l3owz,0x7ocl,hr2tm,z4fgw,CANDIDATE
mdvr8,zn2cp,44gpj,tgiqo,CANDIDATE
czva3,2295t,ojg3s,wu0bm,CANDIDATE
a9iak,h1myr,qkk86,7a4pa,CANDIDATE
bluntf,uylgc,4sin2,no3ju,CANDIDATE
0ox2i,g94zy,22cai,y69z4,CANDIDATE
c1lt4,h77h1,iltbf,xxk5d,CANDIDATE
3zlxh,nopxb,nq04f,40k4t,CANDIDATE
oq7tp,ttmoj,2aa7gk,e2auwf,CANDIDATE
2e632i,vjt3b,q5n8k,zi556,CANDIDATE
g435f,vvpv8,o657n,gcb7a,CANDIDATE
fngj9i,c454b,xf03i,iy871,CANDIDATE
xtc7a,48oa7j,8f58pj,jm8ogf,CANDIDATE
fecfl,niohb,fz2mm,3o417,CANDIDATE
gg5cwk,mmrw6l,wu61wg,cu3nz,CANDIDATE
ruecu,p8mor,31ju8,rovbk,CANDIDATE
rjroh,mk0ka,iu2n4,v0js,CANDIDATE
dnpou,1aorx,7pr4j,oawto,CANDIDATE
vukvck,v2ucb,xnyiy,zxtei,CANDIDATE
s2ngm,udofo,atuaf,p9dt8,CANDIDATE
vixrg,0m7ij,qutzo,0lv65,CANDIDATE
9pqaz,slpyy,lvuuh,7ap0t,CANDIDATE
phok,tbvo7,88ygn,xdwhm,CANDIDATE
j2vt,i33cb,6gu6y,41bey,CANDIDATE
c55rn,z82zc,0q516i,4pzvq,CANDIDATE
li1nc,mzb1u,thdkm,4jno4,CANDIDATE
vvxpg,veamj,8k3gaf,bnlio,CANDIDATE
viv2s,5egu3,q2us6,m5x3g,CANDIDATE
hkhyih,bsh88,rwc2l,rocps,CANDIDATE
u3ewl,wxy8c,ebd72,j8m0y,CANDIDATE
p809t,501i8,82m1u,adofq,CANDIDATE
hx623,kcqco,ojafpf,mns85,CANDIDATE
v4xhf,yllh2,kii0tl,zos3ui,CANDIDATE
qdvyj,a31xuh,rg38x,c7tolg,CANDIDATE
jazwb,nshzd,b8ld2,6f0iw,CANDIDATE
6vfk5,k3ttl,56lvp,ainfn,CANDIDATE
izubd,gaxb1,m1iqp,wvgxok,CANDIDATE
rxs13,xf15p,kwrse,fpotj,CANDIDATE
cl6v5h,3bskyi,24r7o,f4qw1,CANDIDATE
l2o7i,m6xcm,9zsxf,cszz,CANDIDATE
pakadk,sg0pq,8b8yb,303i,CANDIDATE
5af7q,6z0ds,n2tf2,fgpu8,CANDIDATE
6hrpj,2lcbsk,8rngm,dvgc9,CANDIDATE
zexg1,3eiqf,kjplt,outus,CANDIDATE
d1ogal,eh7cf,jtg2lk,ynddf,CANDIDATE
jqpbu,834ad,95rtv,gew8q,CANDIDATE
07f4x,e6mpw,dduz9,4056zi,CANDIDATE
kluvo,zvbs,26bbj,1cby7h,CANDIDATE
pp1j9,v2vyu,mfq92,6t399,CANDIDATE
4tl7n,usqpi,f0i74l,n2mw3j,CANDIDATE
y2ajx,1htmy,c6cfu,0e6aai,CANDIDATE
uvnwuk,104p,jnbl1,9csdh,CANDIDATE
etip8,mwh2q,xjqeq,vi7t7,CANDIDATE
scsye,x9nbwf,884omf,cwd1jg,CANDIDATE
ohrtek,ukow6,00r8,31tfn,CANDIDATE
dmkhj,2gm2d,lxjli,bgb7p,CANDIDATE
rgh7f,crw2n,upjiz,q722,CANDIDATE
7imln,v83saf,0181n,pac33,CANDIDATE
dph44,sc58x,pobek,jjumk,CANDIDATE
7jv65,rdaqj,z22oa,ev4m5,CANDIDATE
8ccmo,mgyve,6llgl,26nfx,CANDIDATE
g4lru,a1mn5,zjqgnj,4ras2,CANDIDATE
ma9j2,644bv,q0hxs,fmfm,CANDIDATE
au1od,fptf9,0aix5,drmvf,CANDIDATE
j7fec,cvohu,mwdxx,6lj61,CANDIDATE
upvna,4g4ai,99c4i,1fg4u,CANDIDATE
stpdi,or9bah,2ht3nl,m32qag,CANDIDATE
eyzyx,kkymw,6qgd1,8c4qb,CANDIDATE
rgun5,omb5p,m8rf3l,1aqlzj,CANDIDATE
5ah0u,kk5jf,rexws,lcuy3,CANDIDATE
1weak,kwrr6l,8ntss,x07unk,CANDIDATE
fwci1,jc93if,w778yk,5tn4e,CANDIDATE
ilt06,0y2e1,nmecr,ok0xn,CANDIDATE
9atgbi,b04j5,cfaji,21rhe,CANDIDATE
12mjq,q8uos,iktl9j,ertyu,CANDIDATE
ew7c8,q2cnj,j7zlb,471cd,CANDIDATE
zgtb5,r474sj,rwa05f,jfl64,CANDIDATE
glppm,eei1l,90vt1,2q3ov,CANDIDATE
8cnso,qgztsg,49sgh,ko5vp,CANDIDATE
0dmfr,vojyej,3r6vp,w8oca,CANDIDATE
g1m3r,w5jqj,1teeig,k80lz,CANDIDATE
bx347,5m561,ch8is,p0m1i,CANDIDATE
h4spu,mmf0d,5okpe,mnars,CANDIDATE
iutq4,z0d95,pkn3sk,q59lr,CANDIDATE
c4te6,xcf8u,nuy64i,10y5d,CANDIDATE
75gh1,m55vzf,hpuqs,qv25h,CANDIDATE
lhpoc,ccriag,2hsj6,79ty2,CANDIDATE
uivra,n2qiz,fgksg,xpybs,CANDIDATE
8ozb7,riff3,3l8qdj,dpqye,CANDIDATE
i3wke,c6j1c,ds7nv,cq1x6,CANDIDATE
m2q31,tid5z,8dmds,7ontv,CANDIDATE
rjq8m,y419l,n7jgl,wepbv,CANDIDATE
22w39,rgicb,k3o4t,lrim1,CANDIDATE
fhe2v,t2shl,7zdc0k,4hzbf,CANDIDATE
---
feedback,result,interviewersIds,candidateId,vacancyId
a43kbj,false,[2],30,1
1m0xrg,false,[48],51,63
2e0xs,false,[36],16,73
4j06w,false,[25],116,147
pr8v8,false,[31],157,118
ybgqq,false,[13],130,49
y5scr,false,[20],185,126
6hf9r,false,[36],479,96
lkqi6,false,[13],123,102
61pebk,false,[16],156,123
qs51c,false,[31],36,42
jtsts,false,[31],401,68
zvz7y,false,[8],104,57
8abtn,false,[13],174,105
r8uob,false,[12],184,109
x6s5nl,false,[41],476,51
toscm,false,[45],41,78
vbyzlk,false,[31],440,92
omcoy,false,[12],319,27
yfozg,false,[21],354,28
zo82a,true,[37],477,8
sizy2k,false,[7],222,41
p0hrgl,false,[46],339,8
a7cj7,false,[42],134,115
j2srr,false,[19],4,56
xr0el,false,[48],240,135
x79mth,false,[4],473,128
sbnh6,false,[15],76,150
wl6ac,false,[28],374,73
0gh6r,false,[1],484,5
x2xde,false,[22],449,125
xuu5v,false,[48],41,18
2a6kii,true,[26],148,49
msr15,false,[25],307,144
qxm87,true,[11],450,71
7h0q,false,[23],38,122
9ic0j,false,[42],103,99
y1fn6,false,[21],122,109
j3id6,false,[12],140,54
fjauo,false,[5],114,20
bp6bo,false,[10],106,100
xs0c8,false,[11],38,109
2qgy,false,[30],72,14
hi4b9,false,[47],2,109
xvg1w,false,[16],53,77
0dv8v,true,[47],137,15
tzw01,true,[50],215,118
mvh8z,false,[43],256,97
i587v,false,[23],497,33
fl9p6,false,[18],182,121
qfnhc,false,[12],75,150
xd5z3,false,[24],318,35
iqyb5,false,[25],356,21
uypnu,false,[44],369,63
t6jft,false,[11],461,148
xe851l,true,[50],375,19
85r1e,false,[22],339,36
pmsiil,true,[7],389,103
218ad,false,[39],184,138
0g4lk,false,[41],449,86
yy0pi,false,[48],287,90
6yvhdk,false,[33],393,50
9tl8v,false,[48],252,36
ja86zf,false,[43],278,129
s75bo,false,[42],457,117
wi21g,false,[31],58,125
jm1ds,false,[17],314,147
7almi,false,[33],470,104
x0twf,false,[27],433,37
tf2k8,false,[18],457,15
41nhq,false,[45],102,135
jt0is,false,[28],124,26
cdxk3,false,[39],18,29
ekqc4,false,[14],298,68
vghln,false,[46],413,93
hxe2w,false,[9],57,117
do4srf,false,[17],326,115
nz228,false,[41],322,103
0kle2,false,[20],269,125
k6o9p,false,[28],153,52
prfz,false,[30],135,62
1cpsli,false,[35],378,72
qixza,false,[30],352,138
rexpp,false,[35],82,47
irci2,false,[44],185,65
qs64p,false,[44],319,53
o5ak3,false,[49],492,79
z8xls,true,[40],192,65
buxbw,false,[41],331,13
afn7al,false,[39],196,109
4jecu,false,[23],162,74
it8ds,false,[15],229,147
fybwn,false,[27],136,104
nut73,false,[18],187,12
aq6v8f,true,[12],419,144
og1p,false,[13],439,41
21mnt,true,[22],382,35
51hrd,false,[49],491,63
jcg77,false,[17],351,13
ekskz,false,[6],189,39
8aata,false,[2],214,127
v4kwzh,true,[20],427,57
u1txp,false,[19],458,91
txhu2,false,[40],373,13
f9f0z,false,[1],138,138
ogahr,false,[40],367,45
mw9wm,false,[30],158,82
0n4d6l,false,[18],213,86
12swj,false,[30],302,24
9e6ssi,false,[13],391,31
84zyx,false,[2],23,33
mtk34,false,[44],19,11
lkhn6,false,[10],148,8
nu88m,false,[3],124,149
lmem2,false,[15],124,127
8ym05h,false,[50],136,34
4zc4c,false,[30],437,143
kq9br,true,[9],426,56
cw3pn,false,[49],189,139
ypgnhi,false,[5],390,13
aqpe6,false,[36],110,121
6upew,false,[33],419,90
c16ezl,false,[14],396,75
ny6gl,false,[18],345,95
njyjz,false,[32],34,133
hq9qf,false,[4],400,29
3vzdv,false,[33],65,13
xpm4r,false,[35],395,45
w9omw,false,[9],154,34
oee5cl,false,[25],119,148
az9up,false,[4],80,112
dxkv4,false,[38],102,70
ls7w3,false,[48],108,141
3qvdak,false,[13],30,80
124u,false,[28],378,91
kyozd,false,[39],57,80
6h3jg,false,[17],495,58
x6qwl,false,[29],457,8
ch0vp,false,[17],404,100
lzigd,false,[49],233,65
vn7eef,false,[49],169,52
jczdr,false,[26],414,14
s1ag8,false,[4],4,124
0srw8,false,[38],272,86
4higa,true,[34],185,13
3012i,false,[14],160,53
t14r5k,false,[28],168,103
9bghg,false,[49],143,10
kx8zz,false,[26],314,8
wa4u5,false,[21],104,1
724ru,false,[33],251,20
4h2sq,false,[50],184,3
feb97,false,[44],22,31
7e1e8,false,[47],389,106
m94kz,false,[40],289,103
d8iho,false,[5],259,132
8iazf,true,[28],157,113
xbff9,false,[49],111,57
2zqcd,false,[20],22,33
o5sicj,false,[12],177,26
sipaa,false,[23],258,47
12ymn,false,[9],102,4
z8gr6k,false,[22],490,149
jwvfg,false,[50],393,37
mpg3l,false,[33],475,38
klbea,false,[2],119,61
k71k8,false,[12],65,66
ykbizl,false,[42],323,28
2jnxu,false,[36],82,124
7wzo,false,[43],102,83
tuyl2,false,[40],194,116
jx0tx,false,[45],137,26
h5xo6,false,[4],189,60
riiet,false,[8],191,31
p6x5n,false,[47],271,18
ilm59,false,[1],214,17
zf68w,false,[24],373,73
uck7g,false,[44],365,141
m4kq5,false,[25],463,129
8zfa1,false,[28],270,26
19qzt,true,[21],303,93
okjdn,false,[26],78,53
98p6e,false,[28],482,122
bw4v0f,false,[30],258,132
908gm,false,[26],399,43
3sacq,true,[5],39,24
72uoh,false,[33],393,124
tqwsrf,false,[33],280,119
jkkf0f,false,[18],322,63
79hjq,false,[3],141,52
mxu9j,false,[33],25,126
6focc,false,[28],413,25
iwubt,false,[25],40,68
jf1atf,false,[40],280,55
d65hp,false,[49],241,126
oglcx,false,[16],440,36
kmjhg,false,[44],53,78
mfpzi,false,[34],108,84
ztstp,false,[28],72,27
miw51,false,[10],325,58
xiko8,false,[3],453,67
a6zkp,false,[36],33,60
7pgn,false,[39],173,26
ztqvo,false,[26],69,35
en47f,false,[19],159,23
p0f6g,false,[48],227,128
dqwlp,false,[13],280,78
r8t9e,true,[24],173,109
yjhhik,false,[32],46,142
qvoet,false,[15],490,13
v4vfdf,false,[2],41,142
wuge1,false,[34],266,99
3v7ij,false,[24],37,138
kw8ba,false,[25],336,13
g4hjq,false,[22],355,64
05x1x,false,[11],89,8
9pu0y,false,[23],147,2
wqij8,false,[37],176,96
85z5d,false,[12],266,101
g6ogb,false,[9],313,35
uh37c,false,[45],45,14
w7seg,false,[37],486,128
hweeij,false,[47],232,28
c0ehy,false,[37],179,90
orxyl,false,[14],322,56
0ujpd,false,[15],21,140
zhyqrj,false,[19],497,42
snidy,false,[9],291,63
b5s3mh,false,[37],390,60
nl2aq,false,[26],115,9
xbebij,false,[36],215,127
dwjhx,false,[31],411,69
td6cm,false,[13],142,34
zy6qdi,false,[22],76,105
06f6jj,false,[3],339,146
0ql1i,false,[5],191,88
4pk6z,false,[42],415,76
2tlb2g,false,[8],276,13
kwgvf,false,[30],328,98
glevn,false,[29],209,89
cop0r,false,[39],257,66
30pmt,true,[33],191,119
flbny,true,[49],481,26
z6226,false,[10],324,105
q23wq,true,[38],175,36
psoe1i,false,[1],56,96
v4jd7,false,[47],409,126
7m3na,false,[17],8,56
4t44g,false,[6],260,38
4fa2w,false,[32],349,40
ubzdd,false,[8],480,116
4ui2w,false,[24],268,19
mz2ya,false,[27],164,102
4gn13,false,[50],469,46
hqw26,false,[20],350,61
6crf3,true,[19],165,95
zjg1k,false,[23],473,131
9ieyu,false,[21],214,77
uiphgg,false,[39],9,127
ovws4,false,[19],330,118
6t66tl,false,[15],276,148
cpm6g,false,[6],446,49
vlrsz,false,[41],407,126
vjckc,false,[31],340,132
w68z8,false,[37],332,50
rnmsm,false,[20],130,57
r7ndgh,false,[9],341,113
h99rk,false,[26],150,64
4moyuk,false,[3],138,142
ui60l,false,[5],40,140
4c5cm,false,[22],349,15
lio4qf,false,[48],79,93
njosth,false,[50],146,62
4h1ku,false,[48],209,138
6lwvyl,false,[33],159,137
5uzlv,false,[1],114,84
6wzorf,false,[50],38,106
zribz,false,[11],34,38
i05ax,true,[39],234,74
8etqd,false,[11],340,75
fzawo,false,[17],69,136
7dkkb,false,[22],418,98
miqxeg,false,[13],373,132
43fnl,false,[1],274,145
feh5m,false,[48],349,46
66u7v,false,[48],46,74
auzer,false,[35],462,39
5y1mi,true,[26],60,146
bg07v,false,[9],498,110
4pn3q,false,[21],249,34
iohdy,false,[30],388,38
bzce6,false,[43],491,25
5gry6f,false,[50],27,124
y074q,false,[48],94,30
cobmn,true,[39],58,85
vgvef,false,[17],180,120
blr4x,false,[42],417,129
wetcl,false,[37],411,39
95lzk,false,[28],343,30
6m16b,false,[37],498,149